ident,queueident,keyvalue,status,attempt,loaded,finished,worktime,resource,exceptionreason
i000001-0000-0000-0000-000000000001,q0000001-0000-0000-0000-000000000001,Queue_A-W1-001,Completed,1,2024-03-01 08:00:00,2024-03-01 08:02:30,60,BP-BOT-01,
i000002-0000-0000-0000-000000000001,q0000001-0000-0000-0000-000000000001,Queue_A-W1-002,Completed,1,2024-03-01 08:00:05,2024-03-01 08:03:35,60,BP-BOT-02,
i000003-0000-0000-0000-000000000001,q0000001-0000-0000-0000-000000000001,Queue_A-W1-003,Completed,1,2024-03-01 08:00:10,2024-03-01 08:04:40,60,BP-BOT-03,
i000004-0000-0000-0000-000000000001,q0000001-0000-0000-0000-000000000001,Queue_A-W1-004,Completed,1,2024-03-01 08:00:15,2024-03-01 08:05:45,60,BP-BOT-04,
i000005-0000-0000-0000-000000000001,q0000001-0000-0000-0000-000000000001,Queue_A-W1-005,Completed,1,2024-03-01 08:00:20,2024-03-01 08:06:50,60,BP-BOT-05,
i000006-0000-0000-0000-000000000001,q0000001-0000-0000-0000-000000000001,Queue_A-W1-006,Completed,1,2024-03-01 08:00:25,2024-03-01 08:03:55,60,BP-BOT-01,
i000007-0000-0000-0000-000000000001,q0000001-0000-0000-0000-000000000001,Queue_A-W1-007,Completed,1,2024-03-01 08:00:30,2024-03-01 08:05:00,60,BP-BOT-02,
i000008-0000-0000-0000-000000000001,q0000001-0000-0000-0000-000000000001,Queue_A-W1-008,Completed,1,2024-03-01 08:00:35,2024-03-01 08:06:05,60,BP-BOT-03,
i000009-0000-0000-0000-000000000001,q0000001-0000-0000-0000-000000000001,Queue_A-W1-009,Completed,1,2024-03-01 08:00:40,2024-03-01 08:07:10,60,BP-BOT-04,
i000010-0000-0000-0000-000000000001,q0000001-0000-0000-0000-000000000001,Queue_A-W1-010,Completed,1,2024-03-01 08:00:45,2024-03-01 08:08:15,60,BP-BOT-05,
i000011-0000-0000-0000-000000000001,q0000001-0000-0000-0000-000000000001,Queue_A-W1-011,Completed,1,2024-03-01 08:00:50,2024-03-01 08:05:20,60,BP-BOT-01,
i000012-0000-0000-0000-000000000001,q0000001-0000-0000-0000-000000000001,Queue_A-W1-012,Completed,1,2024-03-01 08:00:55,2024-03-01 08:06:25,60,BP-BOT-02,
i000013-0000-0000-0000-000000000001,q0000001-0000-0000-0000-000000000001,Queue_A-W1-013,Completed,1,2024-03-01 08:01:00,2024-03-01 08:07:30,60,BP-BOT-03,
i000014-0000-0000-0000-000000000001,q0000001-0000-0000-0000-000000000001,Queue_A-W1-014,Completed,1,2024-03-01 08:01:05,2024-03-01 08:08:35,60,BP-BOT-04,
i000015-0000-0000-0000-000000000001,q0000001-0000-0000-0000-000000000001,Queue_A-W1-015,Completed,1,2024-03-01 08:01:10,2024-03-01 08:09:40,60,BP-BOT-05,
i000016-0000-0000-0000-000000000001,q0000001-0000-0000-0000-000000000001,Queue_A-W1-016,Completed,1,2024-03-01 08:01:15,2024-03-01 08:06:45,60,BP-BOT-01,
i000017-0000-0000-0000-000000000001,q0000001-0000-0000-0000-000000000001,Queue_A-W1-017,Completed,1,2024-03-01 08:01:20,2024-03-01 08:07:50,60,BP-BOT-02,
i000018-0000-0000-0000-000000000001,q0000001-0000-0000-0000-000000000001,Queue_A-W1-018,Completed,1,2024-03-01 08:01:25,2024-03-01 08:08:55,60,BP-BOT-03,
i000019-0000-0000-0000-000000000001,q0000001-0000-0000-0000-000000000001,Queue_A-W1-019,Completed,1,2024-03-01 08:01:30,2024-03-01 08:10:00,60,BP-BOT-04,
i000020-0000-0000-0000-000000000001,q0000001-0000-0000-0000-000000000001,Queue_A-W1-020,Completed,1,2024-03-01 08:01:35,2024-03-01 08:11:05,60,BP-BOT-05,
i000021-0000-0000-0000-000000000001,q0000001-0000-0000-0000-000000000001,Queue_A-W1-021,Completed,1,2024-03-01 08:01:40,2024-03-01 08:08:10,60,BP-BOT-01,
i000022-0000-0000-0000-000000000001,q0000001-0000-0000-0000-000000000001,Queue_A-W1-022,Completed,1,2024-03-01 08:01:45,2024-03-01 08:09:15,60,BP-BOT-02,
i000023-0000-0000-0000-000000000001,q0000001-0000-0000-0000-000000000001,Queue_A-W1-023,Completed,1,2024-03-01 08:01:50,2024-03-01 08:10:20,60,BP-BOT-03,
i000024-0000-0000-0000-000000000001,q0000001-0000-0000-0000-000000000001,Queue_A-W1-024,Completed,1,2024-03-01 08:01:55,2024-03-01 08:11:25,60,BP-BOT-04,
i000025-0000-0000-0000-000000000001,q0000001-0000-0000-0000-000000000001,Queue_A-W1-025,Completed,1,2024-03-01 08:02:00,2024-03-01 08:12:30,60,BP-BOT-05,
i000026-0000-0000-0000-000000000001,q0000001-0000-0000-0000-000000000001,Queue_A-W2-001,Completed,1,2024-03-01 08:30:00,2024-03-01 08:32:30,60,BP-BOT-01,
i000027-0000-0000-0000-000000000001,q0000001-0000-0000-0000-000000000001,Queue_A-W2-002,Completed,1,2024-03-01 08:30:05,2024-03-01 08:33:35,60,BP-BOT-02,
i000028-0000-0000-0000-000000000001,q0000001-0000-0000-0000-000000000001,Queue_A-W2-003,Completed,1,2024-03-01 08:30:10,2024-03-01 08:34:40,60,BP-BOT-03,
i000029-0000-0000-0000-000000000001,q0000001-0000-0000-0000-000000000001,Queue_A-W2-004,Completed,1,2024-03-01 08:30:15,2024-03-01 08:35:45,60,BP-BOT-04,
i000030-0000-0000-0000-000000000001,q0000001-0000-0000-0000-000000000001,Queue_A-W2-005,Completed,1,2024-03-01 08:30:20,2024-03-01 08:36:50,60,BP-BOT-05,
i000031-0000-0000-0000-000000000001,q0000001-0000-0000-0000-000000000001,Queue_A-W2-006,Completed,1,2024-03-01 08:30:25,2024-03-01 08:33:55,60,BP-BOT-01,
i000032-0000-0000-0000-000000000001,q0000001-0000-0000-0000-000000000001,Queue_A-W2-007,Completed,1,2024-03-01 08:30:30,2024-03-01 08:35:00,60,BP-BOT-02,
i000033-0000-0000-0000-000000000001,q0000001-0000-0000-0000-000000000001,Queue_A-W2-008,Completed,1,2024-03-01 08:30:35,2024-03-01 08:36:05,60,BP-BOT-03,
i000034-0000-0000-0000-000000000001,q0000001-0000-0000-0000-000000000001,Queue_A-W2-009,Completed,1,2024-03-01 08:30:40,2024-03-01 08:37:10,60,BP-BOT-04,
i000035-0000-0000-0000-000000000001,q0000001-0000-0000-0000-000000000001,Queue_A-W2-010,Completed,1,2024-03-01 08:30:45,2024-03-01 08:38:15,60,BP-BOT-05,
i000036-0000-0000-0000-000000000002,q0000001-0000-0000-0000-000000000002,Queue_B-W1-001,Completed,1,2024-03-01 08:00:00,2024-03-01 08:03:30,120,BP-BOT-01,
i000037-0000-0000-0000-000000000002,q0000001-0000-0000-0000-000000000002,Queue_B-W1-002,Completed,1,2024-03-01 08:00:05,2024-03-01 08:05:35,120,BP-BOT-02,
i000038-0000-0000-0000-000000000002,q0000001-0000-0000-0000-000000000002,Queue_B-W1-003,Completed,1,2024-03-01 08:00:10,2024-03-01 08:07:40,120,BP-BOT-03,
i000039-0000-0000-0000-000000000002,q0000001-0000-0000-0000-000000000002,Queue_B-W1-004,Completed,1,2024-03-01 08:00:15,2024-03-01 08:09:45,120,BP-BOT-04,
i000040-0000-0000-0000-000000000002,q0000001-0000-0000-0000-000000000002,Queue_B-W1-005,Completed,1,2024-03-01 08:00:20,2024-03-01 08:11:50,120,BP-BOT-05,
i000041-0000-0000-0000-000000000002,q0000001-0000-0000-0000-000000000002,Queue_B-W1-006,Completed,1,2024-03-01 08:00:25,2024-03-01 08:05:55,120,BP-BOT-01,
i000042-0000-0000-0000-000000000002,q0000001-0000-0000-0000-000000000002,Queue_B-W1-007,Completed,1,2024-03-01 08:00:30,2024-03-01 08:08:00,120,BP-BOT-02,
i000043-0000-0000-0000-000000000002,q0000001-0000-0000-0000-000000000002,Queue_B-W1-008,Completed,1,2024-03-01 08:00:35,2024-03-01 08:10:05,120,BP-BOT-03,
i000044-0000-0000-0000-000000000002,q0000001-0000-0000-0000-000000000002,Queue_B-W1-009,Completed,1,2024-03-01 08:00:40,2024-03-01 08:12:10,120,BP-BOT-04,
i000045-0000-0000-0000-000000000002,q0000001-0000-0000-0000-000000000002,Queue_B-W1-010,Completed,1,2024-03-01 08:00:45,2024-03-01 08:14:15,120,BP-BOT-05,
i000046-0000-0000-0000-000000000002,q0000001-0000-0000-0000-000000000002,Queue_B-W1-011,Completed,1,2024-03-01 08:00:50,2024-03-01 08:08:20,120,BP-BOT-01,
i000047-0000-0000-0000-000000000002,q0000001-0000-0000-0000-000000000002,Queue_B-W1-012,Completed,1,2024-03-01 08:00:55,2024-03-01 08:10:25,120,BP-BOT-02,
i000048-0000-0000-0000-000000000002,q0000001-0000-0000-0000-000000000002,Queue_B-W1-013,Completed,1,2024-03-01 08:01:00,2024-03-01 08:12:30,120,BP-BOT-03,
i000049-0000-0000-0000-000000000002,q0000001-0000-0000-0000-000000000002,Queue_B-W1-014,Completed,1,2024-03-01 08:01:05,2024-03-01 08:14:35,120,BP-BOT-04,
i000050-0000-0000-0000-000000000002,q0000001-0000-0000-0000-000000000002,Queue_B-W1-015,Completed,1,2024-03-01 08:01:10,2024-03-01 08:16:40,120,BP-BOT-05,
i000051-0000-0000-0000-000000000002,q0000001-0000-0000-0000-000000000002,Queue_B-W1-016,Completed,1,2024-03-01 08:01:15,2024-03-01 08:10:45,120,BP-BOT-01,
i000052-0000-0000-0000-000000000002,q0000001-0000-0000-0000-000000000002,Queue_B-W1-017,Completed,1,2024-03-01 08:01:20,2024-03-01 08:12:50,120,BP-BOT-02,
i000053-0000-0000-0000-000000000002,q0000001-0000-0000-0000-000000000002,Queue_B-W1-018,Completed,1,2024-03-01 08:01:25,2024-03-01 08:14:55,120,BP-BOT-03,
i000054-0000-0000-0000-000000000002,q0000001-0000-0000-0000-000000000002,Queue_B-W1-019,Completed,1,2024-03-01 08:01:30,2024-03-01 08:17:00,120,BP-BOT-04,
i000055-0000-0000-0000-000000000002,q0000001-0000-0000-0000-000000000002,Queue_B-W1-020,Completed,1,2024-03-01 08:01:35,2024-03-01 08:19:05,120,BP-BOT-05,
i000056-0000-0000-0000-000000000002,q0000001-0000-0000-0000-000000000002,Queue_B-W2-001,Completed,1,2024-03-01 08:30:00,2024-03-01 08:33:30,120,BP-BOT-01,
i000057-0000-0000-0000-000000000002,q0000001-0000-0000-0000-000000000002,Queue_B-W2-002,Completed,1,2024-03-01 08:30:05,2024-03-01 08:35:35,120,BP-BOT-02,
i000058-0000-0000-0000-000000000002,q0000001-0000-0000-0000-000000000002,Queue_B-W2-003,Completed,1,2024-03-01 08:30:10,2024-03-01 08:37:40,120,BP-BOT-03,
i000059-0000-0000-0000-000000000002,q0000001-0000-0000-0000-000000000002,Queue_B-W2-004,Completed,1,2024-03-01 08:30:15,2024-03-01 08:39:45,120,BP-BOT-04,
i000060-0000-0000-0000-000000000002,q0000001-0000-0000-0000-000000000002,Queue_B-W2-005,Completed,1,2024-03-01 08:30:20,2024-03-01 08:41:50,120,BP-BOT-05,
i000061-0000-0000-0000-000000000002,q0000001-0000-0000-0000-000000000002,Queue_B-W2-006,Completed,1,2024-03-01 08:30:25,2024-03-01 08:35:55,120,BP-BOT-01,
i000062-0000-0000-0000-000000000002,q0000001-0000-0000-0000-000000000002,Queue_B-W2-007,Completed,1,2024-03-01 08:30:30,2024-03-01 08:38:00,120,BP-BOT-02,
i000063-0000-0000-0000-000000000002,q0000001-0000-0000-0000-000000000002,Queue_B-W2-008,Completed,1,2024-03-01 08:30:35,2024-03-01 08:40:05,120,BP-BOT-03,
i000064-0000-0000-0000-000000000003,q0000001-0000-0000-0000-000000000003,Queue_C-W1-001,Completed,1,2024-03-01 08:00:00,2024-03-01 08:13:30,180,BP-BOT-04,
i000065-0000-0000-0000-000000000003,q0000001-0000-0000-0000-000000000003,Queue_C-W1-002,Completed,1,2024-03-01 08:00:05,2024-03-01 08:16:35,180,BP-BOT-05,
i000066-0000-0000-0000-000000000003,q0000001-0000-0000-0000-000000000003,Queue_C-W1-003,Completed,1,2024-03-01 08:00:10,2024-03-01 08:04:40,180,BP-BOT-01,
i000067-0000-0000-0000-000000000003,q0000001-0000-0000-0000-000000000003,Queue_C-W1-004,Completed,1,2024-03-01 08:00:15,2024-03-01 08:07:45,180,BP-BOT-02,
i000068-0000-0000-0000-000000000003,q0000001-0000-0000-0000-000000000003,Queue_C-W1-005,Completed,1,2024-03-01 08:00:20,2024-03-01 08:10:50,180,BP-BOT-03,
i000069-0000-0000-0000-000000000003,q0000001-0000-0000-0000-000000000003,Queue_C-W1-006,Completed,1,2024-03-01 08:00:25,2024-03-01 08:16:55,180,BP-BOT-04,
i000070-0000-0000-0000-000000000003,q0000001-0000-0000-0000-000000000003,Queue_C-W1-007,Completed,1,2024-03-01 08:00:30,2024-03-01 08:20:00,180,BP-BOT-05,
i000071-0000-0000-0000-000000000003,q0000001-0000-0000-0000-000000000003,Queue_C-W1-008,Completed,1,2024-03-01 08:00:35,2024-03-01 08:08:05,180,BP-BOT-01,
i000072-0000-0000-0000-000000000003,q0000001-0000-0000-0000-000000000003,Queue_C-W1-009,Completed,1,2024-03-01 08:00:40,2024-03-01 08:11:10,180,BP-BOT-02,
i000073-0000-0000-0000-000000000003,q0000001-0000-0000-0000-000000000003,Queue_C-W1-010,Completed,1,2024-03-01 08:00:45,2024-03-01 08:14:15,180,BP-BOT-03,
i000074-0000-0000-0000-000000000003,q0000001-0000-0000-0000-000000000003,Queue_C-W1-011,Completed,1,2024-03-01 08:00:50,2024-03-01 08:20:20,180,BP-BOT-04,
i000075-0000-0000-0000-000000000003,q0000001-0000-0000-0000-000000000003,Queue_C-W1-012,Completed,1,2024-03-01 08:00:55,2024-03-01 08:23:25,180,BP-BOT-05,
i000076-0000-0000-0000-000000000003,q0000001-0000-0000-0000-000000000003,Queue_C-W1-013,Completed,1,2024-03-01 08:01:00,2024-03-01 08:11:30,180,BP-BOT-01,
i000077-0000-0000-0000-000000000003,q0000001-0000-0000-0000-000000000003,Queue_C-W1-014,Completed,1,2024-03-01 08:01:05,2024-03-01 08:14:35,180,BP-BOT-02,
i000078-0000-0000-0000-000000000003,q0000001-0000-0000-0000-000000000003,Queue_C-W1-015,Completed,1,2024-03-01 08:01:10,2024-03-01 08:17:40,180,BP-BOT-03,
i000079-0000-0000-0000-000000000003,q0000001-0000-0000-0000-000000000003,Queue_C-W2-001,Completed,1,2024-03-01 08:30:00,2024-03-01 08:43:30,180,BP-BOT-04,
i000080-0000-0000-0000-000000000003,q0000001-0000-0000-0000-000000000003,Queue_C-W2-002,Completed,1,2024-03-01 08:30:05,2024-03-01 08:46:35,180,BP-BOT-05,
i000081-0000-0000-0000-000000000003,q0000001-0000-0000-0000-000000000003,Queue_C-W2-003,Completed,1,2024-03-01 08:30:10,2024-03-01 08:34:40,180,BP-BOT-01,
i000082-0000-0000-0000-000000000003,q0000001-0000-0000-0000-000000000003,Queue_C-W2-004,Completed,1,2024-03-01 08:30:15,2024-03-01 08:37:45,180,BP-BOT-02,
i000083-0000-0000-0000-000000000003,q0000001-0000-0000-0000-000000000003,Queue_C-W2-005,Completed,1,2024-03-01 08:30:20,2024-03-01 08:40:50,180,BP-BOT-03,
i000084-0000-0000-0000-000000000003,q0000001-0000-0000-0000-000000000003,Queue_C-W2-006,Completed,1,2024-03-01 08:30:25,2024-03-01 08:46:55,180,BP-BOT-04,
i000085-0000-0000-0000-000000000004,q0000001-0000-0000-0000-000000000004,Queue_D-W1-001,Completed,1,2024-03-01 08:00:00,2024-03-01 08:11:30,120,BP-BOT-05,
i000086-0000-0000-0000-000000000004,q0000001-0000-0000-0000-000000000004,Queue_D-W1-002,Completed,1,2024-03-01 08:00:05,2024-03-01 08:03:35,120,BP-BOT-01,
i000087-0000-0000-0000-000000000004,q0000001-0000-0000-0000-000000000004,Queue_D-W1-003,Completed,1,2024-03-01 08:00:10,2024-03-01 08:05:40,120,BP-BOT-02,
i000088-0000-0000-0000-000000000004,q0000001-0000-0000-0000-000000000004,Queue_D-W1-004,Completed,1,2024-03-01 08:00:15,2024-03-01 08:07:45,120,BP-BOT-03,
i000089-0000-0000-0000-000000000004,q0000001-0000-0000-0000-000000000004,Queue_D-W1-005,Completed,1,2024-03-01 08:00:20,2024-03-01 08:09:50,120,BP-BOT-04,
i000090-0000-0000-0000-000000000004,q0000001-0000-0000-0000-000000000004,Queue_D-W1-006,Completed,1,2024-03-01 08:00:25,2024-03-01 08:13:55,120,BP-BOT-05,
i000091-0000-0000-0000-000000000004,q0000001-0000-0000-0000-000000000004,Queue_D-W1-007,Completed,1,2024-03-01 08:00:30,2024-03-01 08:06:00,120,BP-BOT-01,
i000092-0000-0000-0000-000000000004,q0000001-0000-0000-0000-000000000004,Queue_D-W1-008,Completed,1,2024-03-01 08:00:35,2024-03-01 08:08:05,120,BP-BOT-02,
i000093-0000-0000-0000-000000000004,q0000001-0000-0000-0000-000000000004,Queue_D-W1-009,Completed,1,2024-03-01 08:00:40,2024-03-01 08:10:10,120,BP-BOT-03,
i000094-0000-0000-0000-000000000004,q0000001-0000-0000-0000-000000000004,Queue_D-W1-010,Completed,1,2024-03-01 08:00:45,2024-03-01 08:12:15,120,BP-BOT-04,
i000095-0000-0000-0000-000000000004,q0000001-0000-0000-0000-000000000004,Queue_D-W1-011,Completed,1,2024-03-01 08:00:50,2024-03-01 08:16:20,120,BP-BOT-05,
i000096-0000-0000-0000-000000000004,q0000001-0000-0000-0000-000000000004,Queue_D-W1-012,Completed,1,2024-03-01 08:00:55,2024-03-01 08:08:25,120,BP-BOT-01,
i000097-0000-0000-0000-000000000004,q0000001-0000-0000-0000-000000000004,Queue_D-W1-013,Completed,1,2024-03-01 08:01:00,2024-03-01 08:10:30,120,BP-BOT-02,
i000098-0000-0000-0000-000000000004,q0000001-0000-0000-0000-000000000004,Queue_D-W1-014,Completed,1,2024-03-01 08:01:05,2024-03-01 08:12:35,120,BP-BOT-03,
i000099-0000-0000-0000-000000000004,q0000001-0000-0000-0000-000000000004,Queue_D-W1-015,Completed,1,2024-03-01 08:01:10,2024-03-01 08:14:40,120,BP-BOT-04,
i000100-0000-0000-0000-000000000004,q0000001-0000-0000-0000-000000000004,Queue_D-W1-016,Completed,1,2024-03-01 08:01:15,2024-03-01 08:18:45,120,BP-BOT-05,
i000101-0000-0000-0000-000000000004,q0000001-0000-0000-0000-000000000004,Queue_D-W1-017,Completed,1,2024-03-01 08:01:20,2024-03-01 08:10:50,120,BP-BOT-01,
i000102-0000-0000-0000-000000000004,q0000001-0000-0000-0000-000000000004,Queue_D-W1-018,Completed,1,2024-03-01 08:01:25,2024-03-01 08:12:55,120,BP-BOT-02,
i000103-0000-0000-0000-000000000004,q0000001-0000-0000-0000-000000000004,Queue_D-W2-001,Completed,1,2024-03-01 08:30:00,2024-03-01 08:37:30,120,BP-BOT-03,
i000104-0000-0000-0000-000000000004,q0000001-0000-0000-0000-000000000004,Queue_D-W2-002,Completed,1,2024-03-01 08:30:05,2024-03-01 08:39:35,120,BP-BOT-04,
i000105-0000-0000-0000-000000000004,q0000001-0000-0000-0000-000000000004,Queue_D-W2-003,Completed,1,2024-03-01 08:30:10,2024-03-01 08:41:40,120,BP-BOT-05,
i000106-0000-0000-0000-000000000004,q0000001-0000-0000-0000-000000000004,Queue_D-W2-004,Completed,1,2024-03-01 08:30:15,2024-03-01 08:33:45,120,BP-BOT-01,
i000107-0000-0000-0000-000000000004,q0000001-0000-0000-0000-000000000004,Queue_D-W2-005,Completed,1,2024-03-01 08:30:20,2024-03-01 08:35:50,120,BP-BOT-02,
i000108-0000-0000-0000-000000000004,q0000001-0000-0000-0000-000000000004,Queue_D-W2-006,Completed,1,2024-03-01 08:30:25,2024-03-01 08:39:55,120,BP-BOT-03,
i000109-0000-0000-0000-000000000004,q0000001-0000-0000-0000-000000000004,Queue_D-W2-007,Completed,1,2024-03-01 08:30:30,2024-03-01 08:42:00,120,BP-BOT-04,
i000110-0000-0000-0000-000000000005,q0000001-0000-0000-0000-000000000005,Queue_E-W1-001,Completed,1,2024-03-01 08:00:00,2024-03-01 08:21:30,240,BP-BOT-05,
i000111-0000-0000-0000-000000000005,q0000001-0000-0000-0000-000000000005,Queue_E-W1-002,Completed,1,2024-03-01 08:00:05,2024-03-01 08:05:35,240,BP-BOT-01,
i000112-0000-0000-0000-000000000005,q0000001-0000-0000-0000-000000000005,Queue_E-W1-003,Completed,1,2024-03-01 08:00:10,2024-03-01 08:09:40,240,BP-BOT-02,
i000113-0000-0000-0000-000000000005,q0000001-0000-0000-0000-000000000005,Queue_E-W1-004,Completed,1,2024-03-01 08:00:15,2024-03-01 08:13:45,240,BP-BOT-03,
i000114-0000-0000-0000-000000000005,q0000001-0000-0000-0000-000000000005,Queue_E-W1-005,Completed,1,2024-03-01 08:00:20,2024-03-01 08:17:50,240,BP-BOT-04,
i000115-0000-0000-0000-000000000005,q0000001-0000-0000-0000-000000000005,Queue_E-W1-006,Completed,1,2024-03-01 08:00:25,2024-03-01 08:25:55,240,BP-BOT-05,
i000116-0000-0000-0000-000000000005,q0000001-0000-0000-0000-000000000005,Queue_E-W1-007,Completed,1,2024-03-01 08:00:30,2024-03-01 08:10:00,240,BP-BOT-01,
i000117-0000-0000-0000-000000000005,q0000001-0000-0000-0000-000000000005,Queue_E-W1-008,Completed,1,2024-03-01 08:00:35,2024-03-01 08:14:05,240,BP-BOT-02,
i000118-0000-0000-0000-000000000005,q0000001-0000-0000-0000-000000000005,Queue_E-W1-009,Completed,1,2024-03-01 08:00:40,2024-03-01 08:18:10,240,BP-BOT-03,
i000119-0000-0000-0000-000000000005,q0000001-0000-0000-0000-000000000005,Queue_E-W1-010,Completed,1,2024-03-01 08:00:45,2024-03-01 08:22:15,240,BP-BOT-04,
i000120-0000-0000-0000-000000000005,q0000001-0000-0000-0000-000000000005,Queue_E-W2-001,Completed,1,2024-03-01 08:30:00,2024-03-01 08:51:30,240,BP-BOT-05,
i000121-0000-0000-0000-000000000005,q0000001-0000-0000-0000-000000000005,Queue_E-W2-002,Completed,1,2024-03-01 08:30:05,2024-03-01 08:35:35,240,BP-BOT-01,
i000122-0000-0000-0000-000000000005,q0000001-0000-0000-0000-000000000005,Queue_E-W2-003,Completed,1,2024-03-01 08:30:10,2024-03-01 08:39:40,240,BP-BOT-02,
i000123-0000-0000-0000-000000000005,q0000001-0000-0000-0000-000000000005,Queue_E-W2-004,Completed,1,2024-03-01 08:30:15,2024-03-01 08:43:45,240,BP-BOT-03,
i000124-0000-0000-0000-000000000005,q0000001-0000-0000-0000-000000000005,Queue_E-W2-005,Completed,1,2024-03-01 08:30:20,2024-03-01 08:47:50,240,BP-BOT-04,
i000125-0000-0000-0000-000000000006,q0000001-0000-0000-0000-000000000006,Queue_F-W1-001,Completed,1,2024-03-01 08:00:00,2024-03-01 08:16:30,180,BP-BOT-05,
i000126-0000-0000-0000-000000000006,q0000001-0000-0000-0000-000000000006,Queue_F-W1-002,Completed,1,2024-03-01 08:00:05,2024-03-01 08:04:35,180,BP-BOT-01,
i000127-0000-0000-0000-000000000006,q0000001-0000-0000-0000-000000000006,Queue_F-W1-003,Completed,1,2024-03-01 08:00:10,2024-03-01 08:07:40,180,BP-BOT-02,
i000128-0000-0000-0000-000000000006,q0000001-0000-0000-0000-000000000006,Queue_F-W1-004,Completed,1,2024-03-01 08:00:15,2024-03-01 08:10:45,180,BP-BOT-03,
i000129-0000-0000-0000-000000000006,q0000001-0000-0000-0000-000000000006,Queue_F-W1-005,Completed,1,2024-03-01 08:00:20,2024-03-01 08:13:50,180,BP-BOT-04,
i000130-0000-0000-0000-000000000006,q0000001-0000-0000-0000-000000000006,Queue_F-W1-006,Completed,1,2024-03-01 08:00:25,2024-03-01 08:19:55,180,BP-BOT-05,
i000131-0000-0000-0000-000000000006,q0000001-0000-0000-0000-000000000006,Queue_F-W1-007,Completed,1,2024-03-01 08:00:30,2024-03-01 08:08:00,180,BP-BOT-01,
i000132-0000-0000-0000-000000000006,q0000001-0000-0000-0000-000000000006,Queue_F-W1-008,Completed,1,2024-03-01 08:00:35,2024-03-01 08:11:05,180,BP-BOT-02,
i000133-0000-0000-0000-000000000006,q0000001-0000-0000-0000-000000000006,Queue_F-W1-009,Completed,1,2024-03-01 08:00:40,2024-03-01 08:14:10,180,BP-BOT-03,
i000134-0000-0000-0000-000000000006,q0000001-0000-0000-0000-000000000006,Queue_F-W1-010,Completed,1,2024-03-01 08:00:45,2024-03-01 08:17:15,180,BP-BOT-04,
i000135-0000-0000-0000-000000000006,q0000001-0000-0000-0000-000000000006,Queue_F-W1-011,Completed,1,2024-03-01 08:00:50,2024-03-01 08:23:20,180,BP-BOT-05,
i000136-0000-0000-0000-000000000006,q0000001-0000-0000-0000-000000000006,Queue_F-W1-012,Completed,1,2024-03-01 08:00:55,2024-03-01 08:11:25,180,BP-BOT-01,
i000137-0000-0000-0000-000000000006,q0000001-0000-0000-0000-000000000006,Queue_F-W2-001,Completed,1,2024-03-01 08:30:00,2024-03-01 08:37:30,180,BP-BOT-02,
i000138-0000-0000-0000-000000000006,q0000001-0000-0000-0000-000000000006,Queue_F-W2-002,Completed,1,2024-03-01 08:30:05,2024-03-01 08:40:35,180,BP-BOT-03,
i000139-0000-0000-0000-000000000006,q0000001-0000-0000-0000-000000000006,Queue_F-W2-003,Completed,1,2024-03-01 08:30:10,2024-03-01 08:43:40,180,BP-BOT-04,
i000140-0000-0000-0000-000000000006,q0000001-0000-0000-0000-000000000006,Queue_F-W2-004,Completed,1,2024-03-01 08:30:15,2024-03-01 08:46:45,180,BP-BOT-05,
i000141-0000-0000-0000-000000000007,q0000001-0000-0000-0000-000000000007,Queue_G-W1-001,Completed,1,2024-03-01 08:00:00,2024-03-01 08:06:30,300,BP-BOT-01,
i000142-0000-0000-0000-000000000007,q0000001-0000-0000-0000-000000000007,Queue_G-W1-002,Completed,1,2024-03-01 08:00:05,2024-03-01 08:11:35,300,BP-BOT-02,
i000143-0000-0000-0000-000000000007,q0000001-0000-0000-0000-000000000007,Queue_G-W1-003,Completed,1,2024-03-01 08:00:10,2024-03-01 08:16:40,300,BP-BOT-03,
i000144-0000-0000-0000-000000000007,q0000001-0000-0000-0000-000000000007,Queue_G-W1-004,Completed,1,2024-03-01 08:00:15,2024-03-01 08:21:45,300,BP-BOT-04,
i000145-0000-0000-0000-000000000007,q0000001-0000-0000-0000-000000000007,Queue_G-W1-005,Completed,1,2024-03-01 08:00:20,2024-03-01 08:26:50,300,BP-BOT-05,
i000146-0000-0000-0000-000000000007,q0000001-0000-0000-0000-000000000007,Queue_G-W1-006,Completed,1,2024-03-01 08:00:25,2024-03-01 08:11:55,300,BP-BOT-01,
i000147-0000-0000-0000-000000000007,q0000001-0000-0000-0000-000000000007,Queue_G-W1-007,Completed,1,2024-03-01 08:00:30,2024-03-01 08:17:00,300,BP-BOT-02,
i000148-0000-0000-0000-000000000007,q0000001-0000-0000-0000-000000000007,Queue_G-W1-008,Completed,1,2024-03-01 08:00:35,2024-03-01 08:22:05,300,BP-BOT-03,
i000149-0000-0000-0000-000000000007,q0000001-0000-0000-0000-000000000007,Queue_G-W2-001,Completed,1,2024-03-01 08:30:00,2024-03-01 08:51:30,300,BP-BOT-04,
i000150-0000-0000-0000-000000000007,q0000001-0000-0000-0000-000000000007,Queue_G-W2-002,Completed,1,2024-03-01 08:30:05,2024-03-01 08:56:35,300,BP-BOT-05,
i000151-0000-0000-0000-000000000007,q0000001-0000-0000-0000-000000000007,Queue_G-W2-003,Completed,1,2024-03-01 08:30:10,2024-03-01 08:36:40,300,BP-BOT-01,
i000152-0000-0000-0000-000000000008,q0000001-0000-0000-0000-000000000008,Queue_H-W1-001,Completed,1,2024-03-01 08:00:00,2024-03-01 08:13:30,360,BP-BOT-02,
i000153-0000-0000-0000-000000000008,q0000001-0000-0000-0000-000000000008,Queue_H-W1-002,Completed,1,2024-03-01 08:00:05,2024-03-01 08:19:35,360,BP-BOT-03,
i000154-0000-0000-0000-000000000008,q0000001-0000-0000-0000-000000000008,Queue_H-W1-003,Completed,1,2024-03-01 08:00:10,2024-03-01 08:25:40,360,BP-BOT-04,
i000155-0000-0000-0000-000000000008,q0000001-0000-0000-0000-000000000008,Queue_H-W1-004,Completed,1,2024-03-01 08:00:15,2024-03-01 08:31:45,360,BP-BOT-05,
i000156-0000-0000-0000-000000000008,q0000001-0000-0000-0000-000000000008,Queue_H-W1-005,Completed,1,2024-03-01 08:00:20,2024-03-01 08:07:50,360,BP-BOT-01,
i000157-0000-0000-0000-000000000008,q0000001-0000-0000-0000-000000000008,Queue_H-W1-006,Completed,1,2024-03-01 08:00:25,2024-03-01 08:19:55,360,BP-BOT-02,
i000158-0000-0000-0000-000000000008,q0000001-0000-0000-0000-000000000008,Queue_H-W2-001,Completed,1,2024-03-01 08:30:00,2024-03-01 08:49:30,360,BP-BOT-03,
i000159-0000-0000-0000-000000000008,q0000001-0000-0000-0000-000000000008,Queue_H-W2-002,Completed,1,2024-03-01 08:30:05,2024-03-01 08:55:35,360,BP-BOT-04,
